,site_info,,,,,,,,,,,,,,,,,,,,
name,T8-,,,,,,,,,,,,,,,,,,,,
lat,14.04653,,,,,,,,,,,,,,,,,,,,
long,38.97068,,,,,---------------???------------------------------------------------------------------------------Sun Compass Information---------------------------------------------------------------------------------------------,,,,,,,,,,,---------------------------------------------------Calculated Fields----------------------------------------------------,,,,
elevation,1804,,,only used if no sun data,,all sun compass info is optional,,,,,,,,,,Optional Field,default core strike,,,,
site_id,sample_name,comment,strat_level,magnetic_core_strike,core_dip,shadow_angle,GMT_offset,year,month,days,hours,minutes,bedding_strike,bedding_dip,mass,runs,sun_core_strike,calculated_IGRF,IGRF_local_dec,calculated_mag_dec,core_strike
T8-,1,none,3.3,166,34.0,58,3,2010,6,20,15,20,21.0,36.0,1.0,nan,167.5,[359.63421110900157; 14.856611177284304; 16047.949612503482],359.634211109,1.5,167.5
T8-,2,none,3.25,37,38.0,291,3,2010,6,20,15,30,21.0,36.0,1.0,nan,40.3,[359.63421233562912; 14.856612309447721; 16047.949784121543],359.634212336,3.3,40.3
T8-,3,none,3.05,39,33.0,293,3,2010,6,20,15,33,21.0,36.0,1.0,nan,42.2,[359.63421270361732; 14.856612649096741; 16047.949835606956],359.634212704,3.2,42.2
T8-,4,none,2.25,36,46.0,289,3,2010,6,20,15,39,21.0,36.0,1.0,nan,38.1,[359.63421343959385; 14.856613328394788; 16047.949938577809],359.63421344,2.1,38.1
T8-,5,none,2.2,32,47.0,288,3,2010,6,20,15,44,21.0,36.0,1.0,nan,37.1,[359.63421405290762; 14.856613894476485; 16047.950024386844],359.634214053,5.1,37.1
T8-,6,none,1.8,52,26.0,304,3,2010,6,20,15,47,21.0,36.0,1.0,nan,53.0,[359.63421442089589; 14.856614234125493; 16047.95007587227],359.634214421,1.0,53.0
T8-,7,none,1.7,30,48.0,285,3,2010,6,20,15,53,21.0,36.0,1.0,nan,34.0,[359.63421515687236; 14.856614913423499; 16047.950178843115],359.634215157,4.0,34.0
T8-,8,none,0.5,192,48.0,84,3,2010,6,20,15,59,21.0,36.0,1.0,nan,193.0,[359.63421589284889; 14.856615592721498; 16047.950281813988],359.634215893,1.0,193.0
